{
  "slug": "BrownianBridge",
  "name": "BrownianBridge",
  "version": "1.1.6",
  "license": "proprietary",
  "brand": "ZetaCarinae",
  "author": "Marshall Hampton",
  "authorEmail": "hamptonio@gmail.com",
  "authorUrl": "",
  "pluginUrl": "https://github.com/mhampton/ZetaCarinaeModules",
  "manualUrl": "",
  "sourceUrl": "https://github.com/mhampton/ZetaCarinaeModules",
  "donateUrl": "",
  "changelogUrl": "",
  "modules": [
    {
      "slug": "BrownianBridge",
      "name": "BrownianBridge",
      "description": "Brownian bridge from one value to another",
      "tags": ["Random", "Utility"]
    }
  ]
}
